0,1,2,3,4
Data Analyst,Mercor,United States ,Remote,https://www.linkedin.com/jobs/view/4243044901/?eBP=BUDGET_EXHAUSTED_JOB&refId=g90faC4i9JA8TtWYsLffRg%3D%3D&trackingId=Zys4t9xcOd5oEXHEaTawDg%3D%3D&trk=flagship3_search_srp_jobs
Data Analyst,Good Giant,United States ,Remote,https://www.linkedin.com/jobs/view/4237489490/?eBP=NOT_ELIGIBLE_FOR_CHARGING&refId=g90faC4i9JA8TtWYsLffRg%3D%3D&trackingId=IFGF2XGRUz3PJM2plt1Cjw%3D%3D&trk=flagship3_search_srp_jobs
Data Analyst (Business),Wiraa,United States ,Remote,https://www.linkedin.com/jobs/view/4244529169/?eBP=BUDGET_EXHAUSTED_JOB&refId=g90faC4i9JA8TtWYsLffRg%3D%3D&trackingId=8yIFMziyH5dRqYrMhZVphQ%3D%3D&trk=flagship3_search_srp_jobs
Data Analyst II with verification,Crystal Equation Corporation,"California, United States ",Remote,https://www.linkedin.com/jobs/view/4240267797/?eBP=BUDGET_EXHAUSTED_JOB&refId=g90faC4i9JA8TtWYsLffRg%3D%3D&trackingId=0JTFD8z1S2mtYhiez5gRtw%3D%3D&trk=flagship3_search_srp_jobs
Business Intelligence Analyst,ImpetusIT,"Houston, TX ",Remote,https://www.linkedin.com/jobs/view/4241628363/?eBP=BUDGET_EXHAUSTED_JOB&refId=g90faC4i9JA8TtWYsLffRg%3D%3D&trackingId=D4zvPkrIufm71H7ONs3SdA%3D%3D&trk=flagship3_search_srp_jobs
Data Analyst with verification,Eliassen Group,United States ,Remote,https://www.linkedin.com/jobs/view/4238025407/?eBP=NOT_ELIGIBLE_FOR_CHARGING&refId=g90faC4i9JA8TtWYsLffRg%3D%3D&trackingId=b8NE82wK2tJ%2FKz9lgvd0fg%3D%3D&trk=flagship3_search_srp_jobs
Data Analyst with verification,Robert Half,"England, United Kingdom ",Remote,https://www.linkedin.com/jobs/view/4240063599/?eBP=BUDGET_EXHAUSTED_JOB&refId=g90faC4i9JA8TtWYsLffRg%3D%3D&trackingId=0kI3EFG2zzYrQ9o6yYOTwQ%3D%3D&trk=flagship3_search_srp_jobs
Data Analyst,Wall Street Consulting Services LLC,United States ,Remote,https://www.linkedin.com/jobs/view/4244587205/?eBP=NOT_ELIGIBLE_FOR_CHARGING&refId=g90faC4i9JA8TtWYsLffRg%3D%3D&trackingId=Kxvz8paCE1iVCOF6wvTtNQ%3D%3D&trk=flagship3_search_srp_jobs
Analista de datos,SIALBÃ‰,United States ,Remote,https://www.linkedin.com/jobs/view/4240671962/?eBP=BUDGET_EXHAUSTED_JOB&refId=g90faC4i9JA8TtWYsLffRg%3D%3D&trackingId=A46EtZYjYrt6qeKiwCuL6Q%3D%3D&trk=flagship3_search_srp_jobs
Data Analyst with verification,FM Talent ,United States ,Remote,https://www.linkedin.com/jobs/view/4242011695/?eBP=NOT_ELIGIBLE_FOR_CHARGING&refId=g90faC4i9JA8TtWYsLffRg%3D%3D&trackingId=d4wzc66J7CLMwpD%2FYGEyqw%3D%3D&trk=flagship3_search_srp_jobs
Senior Data Analyst,Arrows,United Kingdom ,Remote,https://www.linkedin.com/jobs/view/4239982828/?eBP=BUDGET_EXHAUSTED_JOB&refId=g90faC4i9JA8TtWYsLffRg%3D%3D&trackingId=7Lq4NUFTBxc0z4FQGdPQCw%3D%3D&trk=flagship3_search_srp_jobs
Data Analyst,iConsultera,United States ,Remote,https://www.linkedin.com/jobs/view/4242034478/?eBP=NOT_ELIGIBLE_FOR_CHARGING&refId=g90faC4i9JA8TtWYsLffRg%3D%3D&trackingId=OS6qLSKm5kOevXjRmDSoNw%3D%3D&trk=flagship3_search_srp_jobs
Senior Data Analyst,TEK NINJAS,United States ,Remote,https://www.linkedin.com/jobs/view/4244078160/?eBP=NOT_ELIGIBLE_FOR_CHARGING&refId=g90faC4i9JA8TtWYsLffRg%3D%3D&trackingId=EqJrQYCCqOTNst4RfMb7jg%3D%3D&trk=flagship3_search_srp_jobs
Senior Data Analyst,ADL Group Australia,"Canberra, Australian Capital Territory, Australia ",Remote,https://www.linkedin.com/jobs/view/4241660828/?eBP=NOT_ELIGIBLE_FOR_CHARGING&refId=g90faC4i9JA8TtWYsLffRg%3D%3D&trackingId=TyiZEHKlJRTH0Ylr0dS9Qw%3D%3D&trk=flagship3_search_srp_jobs
Data Analyst,Revolution Technology,"Dublin, County Dublin, Ireland ",Remote,https://www.linkedin.com/jobs/view/4241209985/?eBP=BUDGET_EXHAUSTED_JOB&refId=g90faC4i9JA8TtWYsLffRg%3D%3D&trackingId=h4r5%2F8EnLV59S9%2BtDZs28Q%3D%3D&trk=flagship3_search_srp_jobs
Data Analyst with verification,Alignment Health,United States ,Remote,https://www.linkedin.com/jobs/view/4239657158/?eBP=BUDGET_EXHAUSTED_JOB&refId=g90faC4i9JA8TtWYsLffRg%3D%3D&trackingId=3Tf62MtpAn8hczlWPm3%2BOg%3D%3D&trk=flagship3_search_srp_jobs
Data Analyst,Confidential,"New York, NY ",Hybrid,https://www.linkedin.com/jobs/view/4240433312/?eBP=NOT_ELIGIBLE_FOR_CHARGING&refId=g90faC4i9JA8TtWYsLffRg%3D%3D&trackingId=hwlU3bxoYUYrRo%2FvE5asag%3D%3D&trk=flagship3_search_srp_jobs
Data Analyst,KDR Talent Solutions,"London Area, United Kingdom ",Remote,https://www.linkedin.com/jobs/view/4244476374/?eBP=NOT_ELIGIBLE_FOR_CHARGING&refId=g90faC4i9JA8TtWYsLffRg%3D%3D&trackingId=KCsx%2BdPv1KvQ8HPwnD5Egw%3D%3D&trk=flagship3_search_srp_jobs
Data Analyst with verification,Lensa,United States ,Remote,https://www.linkedin.com/jobs/view/4244539832/?eBP=BUDGET_EXHAUSTED_JOB&refId=g90faC4i9JA8TtWYsLffRg%3D%3D&trackingId=ld5rKM2rbXaTmbHLSdCqpQ%3D%3D&trk=flagship3_search_srp_jobs
JDE Business Analyst / Data analyst with POWER BI,Saxon Global,United States ,Remote,https://www.linkedin.com/jobs/view/4240469448/?eBP=NOT_ELIGIBLE_FOR_CHARGING&refId=g90faC4i9JA8TtWYsLffRg%3D%3D&trackingId=Z0JblSX1M2n6ooqRyjzXsA%3D%3D&trk=flagship3_search_srp_jobs
Data Analyst with verification,SEIDOR,Spain ,Remote,https://www.linkedin.com/jobs/view/4240067134/?eBP=BUDGET_EXHAUSTED_JOB&refId=g90faC4i9JA8TtWYsLffRg%3D%3D&trackingId=FyoRX9fRse9%2FMfSBShRH%2FQ%3D%3D&trk=flagship3_search_srp_jobs
Freelance Data Analyst,VSG-RECRUITMENT,Germany ,Remote,https://www.linkedin.com/jobs/view/4242012968/?eBP=NOT_ELIGIBLE_FOR_CHARGING&refId=g90faC4i9JA8TtWYsLffRg%3D%3D&trackingId=h0M4jp2ayUE2apRa3cO0hg%3D%3D&trk=flagship3_search_srp_jobs
Data Analyst with verification,Insight Global,"Orange, CA ",Remote,https://www.linkedin.com/jobs/view/4236818953/?eBP=NOT_ELIGIBLE_FOR_CHARGING&refId=g90faC4i9JA8TtWYsLffRg%3D%3D&trackingId=rEe6rocZoV0wAf02o5IajA%3D%3D&trk=flagship3_search_srp_jobs
Jr. Payments Data Analyst/ Intern,Congrify,"Munich, Bavaria, Germany ",Hybrid,https://www.linkedin.com/jobs/view/4237846282/?eBP=NOT_ELIGIBLE_FOR_CHARGING&refId=g90faC4i9JA8TtWYsLffRg%3D%3D&trackingId=NPVE2XDiWPVZ%2FLZRAZ5U1A%3D%3D&trk=flagship3_search_srp_jobs
Data Analytics Analyst,Confidential,"Dallas, TX ",On-site,https://www.linkedin.com/jobs/view/4240423199/?eBP=NOT_ELIGIBLE_FOR_CHARGING&refId=g90faC4i9JA8TtWYsLffRg%3D%3D&trackingId=cmgBUHF%2F%2BqQlcnFO1AmoVA%3D%3D&trk=flagship3_search_srp_jobs
